Animal Kingdom,https://www.neetprep.com/questions/56-Zoology/706-Animal-Kingdom?courseId=8,360,Zoology
Structural Organisation in Animals,https://www.neetprep.com/questions/56-Zoology/707-Structural-Organisation-Animals?courseId=8,382,Zoology
Biomolecules,https://www.neetprep.com/questions/56-Zoology/628-Biomolecules?courseId=8,408,Zoology
Digestion and Absorption,https://www.neetprep.com/questions/56-Zoology/708-Digestion-Absorption?courseId=8,304,Zoology
Breathing and Exchange of Gases,https://www.neetprep.com/questions/56-Zoology/709-Breathing-Exchange-Gases?courseId=8,199,Zoology
Body Fluids and Circulation,https://www.neetprep.com/questions/56-Zoology/710-Body-Fluids-Circulation?courseId=8,264,Zoology
Excretory Products and their Elimination,https://www.neetprep.com/questions/56-Zoology/711-Excretory-Products-Elimination?courseId=8,205,Zoology
Locomotion and Movement,https://www.neetprep.com/questions/56-Zoology/712-Locomotion-Movement?courseId=8,342,Zoology
Neural Control and Coordination,https://www.neetprep.com/questions/56-Zoology/713-Neural-Control-Coordination?courseId=8,339,Zoology
Chemical Coordination and Integration,https://www.neetprep.com/questions/56-Zoology/714-Chemical-Coordination-Integration?courseId=8,236,Zoology
Human Reproduction,https://www.neetprep.com/questions/56-Zoology/716-Human-Reproduction?courseId=8,311,Zoology
Reproductive Health,https://www.neetprep.com/questions/56-Zoology/717-Reproductive-Health?courseId=8,184,Zoology
Evolution,https://www.neetprep.com/questions/56-Zoology/718-Evolution?courseId=8,317,Zoology
Human Health and Disease,https://www.neetprep.com/questions/56-Zoology/719-Human-Health-Disease?courseId=8,400,Zoology
Biotechnology Principles and Processes,https://www.neetprep.com/questions/56-Zoology/639-Biotechnology-Principles-Processes?courseId=8,292,Zoology
Biotechnology and its Application,https://www.neetprep.com/questions/56-Zoology/640-Biotechnology-its-Application?courseId=8,234,Zoology
The Living World,https://www.neetprep.com/questions/53-Botany/622-Living-World?courseId=8,189,Botany
Biological Classification,https://www.neetprep.com/questions/53-Botany/623-Biological-Classification?courseId=8,344,Botany
Plant Kingdom,https://www.neetprep.com/questions/53-Botany/624-Plant-Kingdom?courseId=8,234,Botany
Morphology of Flowering Plants,https://www.neetprep.com/questions/53-Botany/625-Morphology-Flowering-Plants?courseId=8,477,Botany
Anatomy of Flowering Plants,https://www.neetprep.com/questions/53-Botany/626-Anatomy-Flowering-Plants?courseId=8,371,Botany
Cell - The unit of Life,https://www.neetprep.com/questions/53-Botany/627-Cell--unit-Life?courseId=8,352,Botany
Cell Cycle and Cell Division,https://www.neetprep.com/questions/53-Botany/629-Cell-Cycle-Cell-Division?courseId=8,263,Botany
Transport in Plants,https://www.neetprep.com/questions/53-Botany/630-Transport-Plants?courseId=8,251,Botany
Mineral Nutrition,https://www.neetprep.com/questions/53-Botany/631-Mineral-Nutrition?courseId=8,201,Botany
Photosynthesis in Higher Plants,https://www.neetprep.com/questions/53-Botany/632-Photosynthesis-Higher-Plants?courseId=8,189,Botany
Respiration in Plants,https://www.neetprep.com/questions/53-Botany/633-Respiration-Plants?courseId=8,166,Botany
Plant Growth and Development,https://www.neetprep.com/questions/53-Botany/634-Plant-Growth-Development?courseId=8,183,Botany
Reproduction in Organisms,https://www.neetprep.com/questions/53-Botany/715-Reproduction-Organisms?courseId=8,113,Botany
Sexual Reproduction in Flowering Plants,https://www.neetprep.com/questions/53-Botany/635-Sexual-Reproduction-Flowering-Plants?courseId=8,238,Botany
Principles of Inheritance & Variation,https://www.neetprep.com/questions/53-Botany/636-Principles-Inheritance--Variation?courseId=8,441,Botany
Molecular Basis of Inheritance,https://www.neetprep.com/questions/53-Botany/637-Molecular-Basis-Inheritance?courseId=8,487,Botany
Strategies for Enhancement in Food Production,https://www.neetprep.com/questions/53-Botany/638-Strategies-Enhancement-Food-Production?courseId=8,233,Botany
Microbes in Human Welfare,https://www.neetprep.com/questions/53-Botany/720-Microbes-Human-Welfare?courseId=8,289,Botany
Organisms and Populations,https://www.neetprep.com/questions/53-Botany/641-Organisms-Populations?courseId=8,269,Botany
Ecosystem,https://www.neetprep.com/questions/53-Botany/642-Ecosystem?courseId=8,235,Botany
Biodiversity and Conservation,https://www.neetprep.com/questions/53-Botany/643-Biodiversity-Conservation?courseId=8,232,Botany
Environmental Issues,https://www.neetprep.com/questions/53-Botany/644-Environmental-Issues?courseId=8,301,Botany
Units and Measurement,https://www.neetprep.com/questions/55-Physics/675-Units-Measurement?courseId=8,466,Physics
Mathematical Tools,https://www.neetprep.com/questions/55-Physics/676-Mathematical-Tools?courseId=8,206,Physics
Motion in A Straight Line,https://www.neetprep.com/questions/55-Physics/677-Motion-Straight-Line?courseId=8,408,Physics
Motion in A Plane,https://www.neetprep.com/questions/55-Physics/678-Motion-Plane?courseId=8,402,Physics
Laws of Motion,https://www.neetprep.com/questions/55-Physics/679-Laws-Motion?courseId=8,353,Physics
"Work, Energy and Power",https://www.neetprep.com/questions/55-Physics/680-Work-Energy-Power?courseId=8,424,Physics
Systems of Particles and Rotational Motion,https://www.neetprep.com/questions/55-Physics/681-Systems-Particles-Rotational-Motion?courseId=8,306,Physics
Gravitation,https://www.neetprep.com/questions/55-Physics/682-Gravitation?courseId=8,344,Physics
Mechanical Properties of Solids,https://www.neetprep.com/questions/55-Physics/684-Mechanical-Properties-Solids?courseId=8,238,Physics
Mechanical Properties of Fluids,https://www.neetprep.com/questions/55-Physics/685-Mechanical-Properties-Fluids?courseId=8,330,Physics
Thermal Properties of Matter,https://www.neetprep.com/questions/55-Physics/686-Thermal-Properties-Matter?courseId=8,331,Physics
Thermodynamics,https://www.neetprep.com/questions/55-Physics/687-Thermodynamics?courseId=8,247,Physics
Kinetic Theory of Gases,https://www.neetprep.com/questions/55-Physics/688-Kinetic-Theory-Gases?courseId=8,299,Physics
Oscillations,https://www.neetprep.com/questions/55-Physics/689-Oscillations?courseId=8,389,Physics
Waves,https://www.neetprep.com/questions/55-Physics/690-Waves?courseId=8,399,Physics
Electric Charges and Fields,https://www.neetprep.com/questions/55-Physics/691-Electric-Charges-Fields?courseId=8,329,Physics
Electrostatic Potential and Capacitance,https://www.neetprep.com/questions/55-Physics/692-Electrostatic-Potential-Capacitance?courseId=8,426,Physics
Current Electricity,https://www.neetprep.com/questions/55-Physics/693-Current-Electricity?courseId=8,475,Physics
Moving Charges and Magnetism,https://www.neetprep.com/questions/55-Physics/694-Moving-Charges-Magnetism?courseId=8,311,Physics
Magnetism and Matter,https://www.neetprep.com/questions/55-Physics/695-Magnetism-Matter?courseId=8,197,Physics
Electromagnetic Induction,https://www.neetprep.com/questions/55-Physics/696-Electromagnetic-Induction?courseId=8,276,Physics
Alternating Current,https://www.neetprep.com/questions/55-Physics/697-Alternating-Current?courseId=8,255,Physics
Electromagnetic Waves,https://www.neetprep.com/questions/55-Physics/698-Electromagnetic-Waves?courseId=8,136,Physics
Ray Optics and Optical Instruments,https://www.neetprep.com/questions/55-Physics/699-Ray-Optics-Optical-Instruments?courseId=8,356,Physics
Wave Optics,https://www.neetprep.com/questions/55-Physics/700-Wave-Optics?courseId=8,199,Physics
Dual Nature of Radiation and Matter,https://www.neetprep.com/questions/55-Physics/701-Dual-Nature-Radiation-Matter?courseId=8,231,Physics
Atoms,https://www.neetprep.com/questions/55-Physics/702-Atoms?courseId=8,228,Physics
Nuclei,https://www.neetprep.com/questions/55-Physics/703-Nuclei?courseId=8,405,Physics
Semiconductor Electronics,https://www.neetprep.com/questions/55-Physics/704-Semiconductor-Electronics?courseId=8,322,Physics
Some Basic Concepts Of Chemistry,https://www.neetprep.com/questions/54-Chemistry/645-Basic-Concepts-Chemistry?courseId=8,276,Chemistry
Structure of Atom,https://www.neetprep.com/questions/54-Chemistry/646-Structure-Atom?courseId=8,312,Chemistry
Classification of Elements and Periodicity in Properties,https://www.neetprep.com/questions/54-Chemistry/647-Classification-Elements-Periodicity-Properties?courseId=8,265,Chemistry
Chemical Bonding and Molecular Structure,https://www.neetprep.com/questions/54-Chemistry/648-Chemical-Bonding-Molecular-Structure?courseId=8,471,Chemistry
States of Matter,https://www.neetprep.com/questions/54-Chemistry/649-States-Matter?courseId=8,329,Chemistry
Thermodynamics,https://www.neetprep.com/questions/54-Chemistry/650-Thermodynamics?courseId=8,365,Chemistry
Equilibrium,https://www.neetprep.com/questions/54-Chemistry/651-Equilibrium?courseId=8,597,Chemistry
Redox Reactions,https://www.neetprep.com/questions/54-Chemistry/652-Redox-Reactions?courseId=8,260,Chemistry
Hydrogen,https://www.neetprep.com/questions/54-Chemistry/653-Hydrogen?courseId=8,200,Chemistry
The s-Block Elements,https://www.neetprep.com/questions/54-Chemistry/654-sBlock-Elements?courseId=8,280,Chemistry
The p-Block Elements (XI),https://www.neetprep.com/questions/54-Chemistry/655-pBlock-Elements-XI?courseId=8,236,Chemistry
Organic Chemistry - Some Basic Principles And Techniques,https://www.neetprep.com/questions/54-Chemistry/656-Organic-Chemistry--Basic-Principles-Techniques?courseId=8,562,Chemistry
Hydrocarbons,https://www.neetprep.com/questions/54-Chemistry/657-Hydrocarbons?courseId=8,385,Chemistry
Environmental Chemistry,https://www.neetprep.com/questions/54-Chemistry/658-Environmental-Chemistry?courseId=8,127,Chemistry
The Solid State,https://www.neetprep.com/questions/54-Chemistry/659-Solid-State?courseId=8,239,Chemistry
Solutions,https://www.neetprep.com/questions/54-Chemistry/660-Solutions?courseId=8,283,Chemistry
Electrochemistry,https://www.neetprep.com/questions/54-Chemistry/661-Electrochemistry?courseId=8,296,Chemistry
Chemical Kinetics,https://www.neetprep.com/questions/54-Chemistry/662-Chemical-Kinetics?courseId=8,336,Chemistry
Surface Chemistry,https://www.neetprep.com/questions/54-Chemistry/663-Surface-Chemistry?courseId=8,224,Chemistry
General Principles and Processes of Isolation of Elements,https://www.neetprep.com/questions/54-Chemistry/664-General-Principles-Processes-Isolation-Elements?courseId=8,193,Chemistry
The p-Block Elements (XII),https://www.neetprep.com/questions/54-Chemistry/665-pBlock-Elements-XII?courseId=8,361,Chemistry
The d and f Block Elements,https://www.neetprep.com/questions/54-Chemistry/666-d-f-Block-Elements?courseId=8,270,Chemistry
Coordination Compounds,https://www.neetprep.com/questions/54-Chemistry/667-Coordination-Compounds?courseId=8,359,Chemistry
Haloalkanes and Haloarenes,https://www.neetprep.com/questions/54-Chemistry/668-Haloalkanes-Haloarenes?courseId=8,252,Chemistry
"Alcohols,Phenols and Ethers",https://www.neetprep.com/questions/54-Chemistry/669-AlcoholsPhenols-Ethers?courseId=8,365,Chemistry
"Aldehydes, Ketones and Carboxylic Acids",https://www.neetprep.com/questions/54-Chemistry/670-Aldehydes-Ketones-Carboxylic-Acids?courseId=8,600,Chemistry
Amines,https://www.neetprep.com/questions/54-Chemistry/671-Amines?courseId=8,293,Chemistry
Biomolecules,https://www.neetprep.com/questions/54-Chemistry/672-Biomolecules?courseId=8,234,Chemistry
Polymers,https://www.neetprep.com/questions/54-Chemistry/673-Polymers?courseId=8,192,Chemistry
Chemistry in Everyday Life,https://www.neetprep.com/questions/54-Chemistry/674-Chemistry-Everyday-Life?courseId=8,186,Chemistry
